path,label
/content/drive/MyDrive/2nd Year Research Data/Preprocessed_Audio/left/left(59).wav,left
/content/drive/MyDrive/2nd Year Research Data/Preprocessed_Audio/stop/stop(12).wav,stop
/content/drive/MyDrive/2nd Year Research Data/Preprocessed_Audio/stop/stop(56).wav,stop
/content/drive/MyDrive/2nd Year Research Data/Preprocessed_Audio/stop/stop(41).wav,stop
/content/drive/MyDrive/2nd Year Research Data/Preprocessed_Audio/right/right(24).wav,right
/content/drive/MyDrive/2nd Year Research Data/Preprocessed_Audio/right/right(47).wav,right
/content/drive/MyDrive/2nd Year Research Data/Preprocessed_Audio/right/right(25).wav,right
/content/drive/MyDrive/2nd Year Research Data/Preprocessed_Audio/stop/stop(47).wav,stop
/content/drive/MyDrive/2nd Year Research Data/Preprocessed_Audio/forward/forward(51).wav,forward
/content/drive/MyDrive/2nd Year Research Data/Preprocessed_Audio/stop/stop(34).wav,stop
/content/drive/MyDrive/2nd Year Research Data/Preprocessed_Audio/backward/backward(4).wav,backward
/content/drive/MyDrive/2nd Year Research Data/Preprocessed_Audio/backward/backward(75).wav,backward
/content/drive/MyDrive/2nd Year Research Data/Preprocessed_Audio/right/right(23).wav,right
/content/drive/MyDrive/2nd Year Research Data/Preprocessed_Audio/forward/forward(58).wav,forward
/content/drive/MyDrive/2nd Year Research Data/Preprocessed_Audio/stop/stop(5).wav,stop
/content/drive/MyDrive/2nd Year Research Data/Preprocessed_Audio/stop/stop(25).wav,stop
/content/drive/MyDrive/2nd Year Research Data/Preprocessed_Audio/backward/backward(22).wav,backward
/content/drive/MyDrive/2nd Year Research Data/Preprocessed_Audio/left/left(56).wav,left
/content/drive/MyDrive/2nd Year Research Data/Preprocessed_Audio/stop/stop(68).wav,stop
/content/drive/MyDrive/2nd Year Research Data/Preprocessed_Audio/backward/backward(47).wav,backward
/content/drive/MyDrive/2nd Year Research Data/Preprocessed_Audio/stop/stop(52).wav,stop
/content/drive/MyDrive/2nd Year Research Data/Preprocessed_Audio/left/left(63).wav,left
/content/drive/MyDrive/2nd Year Research Data/Preprocessed_Audio/stop/stop(3).wav,stop
/content/drive/MyDrive/2nd Year Research Data/Preprocessed_Audio/left/left(25).wav,left
/content/drive/MyDrive/2nd Year Research Data/Preprocessed_Audio/stop/stop(30).wav,stop
/content/drive/MyDrive/2nd Year Research Data/Preprocessed_Audio/backward/backward(33).wav,backward
/content/drive/MyDrive/2nd Year Research Data/Preprocessed_Audio/right/right(42).wav,right
/content/drive/MyDrive/2nd Year Research Data/Preprocessed_Audio/backward/backward(63).wav,backward
/content/drive/MyDrive/2nd Year Research Data/Preprocessed_Audio/left/left(10).wav,left
/content/drive/MyDrive/2nd Year Research Data/Preprocessed_Audio/left/left(8).wav,left
/content/drive/MyDrive/2nd Year Research Data/Preprocessed_Audio/right/right(74).wav,right
/content/drive/MyDrive/2nd Year Research Data/Preprocessed_Audio/backward/backward(35).wav,backward
/content/drive/MyDrive/2nd Year Research Data/Preprocessed_Audio/right/right(21).wav,right
/content/drive/MyDrive/2nd Year Research Data/Preprocessed_Audio/right/right(15).wav,right
/content/drive/MyDrive/2nd Year Research Data/Preprocessed_Audio/left/left(33).wav,left
/content/drive/MyDrive/2nd Year Research Data/Preprocessed_Audio/left/left(27).wav,left
/content/drive/MyDrive/2nd Year Research Data/Preprocessed_Audio/forward/forward(48).wav,forward
/content/drive/MyDrive/2nd Year Research Data/Preprocessed_Audio/forward/forward(23).wav,forward
/content/drive/MyDrive/2nd Year Research Data/Preprocessed_Audio/stop/stop(75).wav,stop
/content/drive/MyDrive/2nd Year Research Data/Preprocessed_Audio/left/left(49).wav,left
/content/drive/MyDrive/2nd Year Research Data/Preprocessed_Audio/backward/backward(43).wav,backward
/content/drive/MyDrive/2nd Year Research Data/Preprocessed_Audio/stop/stop(11).wav,stop
/content/drive/MyDrive/2nd Year Research Data/Preprocessed_Audio/forward/forward(3).wav,forward
/content/drive/MyDrive/2nd Year Research Data/Preprocessed_Audio/backward/backward(57).wav,backward
/content/drive/MyDrive/2nd Year Research Data/Preprocessed_Audio/left/left(40).wav,left
/content/drive/MyDrive/2nd Year Research Data/Preprocessed_Audio/backward/backward(18).wav,backward
/content/drive/MyDrive/2nd Year Research Data/Preprocessed_Audio/backward/backward(56).wav,backward
/content/drive/MyDrive/2nd Year Research Data/Preprocessed_Audio/stop/stop(58).wav,stop
/content/drive/MyDrive/2nd Year Research Data/Preprocessed_Audio/right/right(70).wav,right
/content/drive/MyDrive/2nd Year Research Data/Preprocessed_Audio/right/right(72).wav,right
/content/drive/MyDrive/2nd Year Research Data/Preprocessed_Audio/right/right(11).wav,right
/content/drive/MyDrive/2nd Year Research Data/Preprocessed_Audio/stop/stop(54).wav,stop
/content/drive/MyDrive/2nd Year Research Data/Preprocessed_Audio/stop/stop(45).wav,stop
/content/drive/MyDrive/2nd Year Research Data/Preprocessed_Audio/backward/backward(59).wav,backward
/content/drive/MyDrive/2nd Year Research Data/Preprocessed_Audio/backward/backward(62).wav,backward
/content/drive/MyDrive/2nd Year Research Data/Preprocessed_Audio/stop/stop(55).wav,stop
/content/drive/MyDrive/2nd Year Research Data/Preprocessed_Audio/stop/stop(63).wav,stop
/content/drive/MyDrive/2nd Year Research Data/Preprocessed_Audio/left/left(76).wav,left
/content/drive/MyDrive/2nd Year Research Data/Preprocessed_Audio/right/right(19).wav,right
/content/drive/MyDrive/2nd Year Research Data/Preprocessed_Audio/stop/stop(13).wav,stop
/content/drive/MyDrive/2nd Year Research Data/Preprocessed_Audio/right/right(66).wav,right
/content/drive/MyDrive/2nd Year Research Data/Preprocessed_Audio/backward/backward(16).wav,backward
/content/drive/MyDrive/2nd Year Research Data/Preprocessed_Audio/backward/backward(55).wav,backward
/content/drive/MyDrive/2nd Year Research Data/Preprocessed_Audio/forward/forward(12).wav,forward
/content/drive/MyDrive/2nd Year Research Data/Preprocessed_Audio/right/right(46).wav,right
/content/drive/MyDrive/2nd Year Research Data/Preprocessed_Audio/backward/backward(5).wav,backward
/content/drive/MyDrive/2nd Year Research Data/Preprocessed_Audio/forward/forward(33).wav,forward
/content/drive/MyDrive/2nd Year Research Data/Preprocessed_Audio/right/right(58).wav,right
/content/drive/MyDrive/2nd Year Research Data/Preprocessed_Audio/forward/forward(56).wav,forward
/content/drive/MyDrive/2nd Year Research Data/Preprocessed_Audio/forward/forward(39).wav,forward
/content/drive/MyDrive/2nd Year Research Data/Preprocessed_Audio/forward/forward(67).wav,forward
/content/drive/MyDrive/2nd Year Research Data/Preprocessed_Audio/stop/stop(31).wav,stop
/content/drive/MyDrive/2nd Year Research Data/Preprocessed_Audio/forward/forward(73).wav,forward
/content/drive/MyDrive/2nd Year Research Data/Preprocessed_Audio/backward/backward(28).wav,backward
/content/drive/MyDrive/2nd Year Research Data/Preprocessed_Audio/forward/forward(43).wav,forward
/content/drive/MyDrive/2nd Year Research Data/Preprocessed_Audio/right/right(8).wav,right
/content/drive/MyDrive/2nd Year Research Data/Preprocessed_Audio/left/left(55).wav,left
/content/drive/MyDrive/2nd Year Research Data/Preprocessed_Audio/stop/stop(67).wav,stop
/content/drive/MyDrive/2nd Year Research Data/Preprocessed_Audio/forward/forward(19).wav,forward
/content/drive/MyDrive/2nd Year Research Data/Preprocessed_Audio/backward/backward(48).wav,backward
/content/drive/MyDrive/2nd Year Research Data/Preprocessed_Audio/forward/forward(50).wav,forward
/content/drive/MyDrive/2nd Year Research Data/Preprocessed_Audio/backward/backward(50).wav,backward
/content/drive/MyDrive/2nd Year Research Data/Preprocessed_Audio/right/right(9).wav,right
/content/drive/MyDrive/2nd Year Research Data/Preprocessed_Audio/forward/forward(32).wav,forward
/content/drive/MyDrive/2nd Year Research Data/Preprocessed_Audio/forward/forward(52).wav,forward
/content/drive/MyDrive/2nd Year Research Data/Preprocessed_Audio/left/left(50).wav,left
/content/drive/MyDrive/2nd Year Research Data/Preprocessed_Audio/left/left(36).wav,left
/content/drive/MyDrive/2nd Year Research Data/Preprocessed_Audio/stop/stop(26).wav,stop
/content/drive/MyDrive/2nd Year Research Data/Preprocessed_Audio/forward/forward(17).wav,forward
/content/drive/MyDrive/2nd Year Research Data/Preprocessed_Audio/left/left(21).wav,left
/content/drive/MyDrive/2nd Year Research Data/Preprocessed_Audio/stop/stop(60).wav,stop
/content/drive/MyDrive/2nd Year Research Data/Preprocessed_Audio/forward/forward(44).wav,forward
/content/drive/MyDrive/2nd Year Research Data/Preprocessed_Audio/left/left(41).wav,left
/content/drive/MyDrive/2nd Year Research Data/Preprocessed_Audio/forward/forward(21).wav,forward
/content/drive/MyDrive/2nd Year Research Data/Preprocessed_Audio/backward/backward(19).wav,backward
/content/drive/MyDrive/2nd Year Research Data/Preprocessed_Audio/backward/backward(37).wav,backward
/content/drive/MyDrive/2nd Year Research Data/Preprocessed_Audio/left/left(64).wav,left
/content/drive/MyDrive/2nd Year Research Data/Preprocessed_Audio/right/right(4).wav,right
/content/drive/MyDrive/2nd Year Research Data/Preprocessed_Audio/stop/stop(21).wav,stop
/content/drive/MyDrive/2nd Year Research Data/Preprocessed_Audio/stop/stop(42).wav,stop
/content/drive/MyDrive/2nd Year Research Data/Preprocessed_Audio/left/left(69).wav,left
/content/drive/MyDrive/2nd Year Research Data/Preprocessed_Audio/backward/backward(13).wav,backward
/content/drive/MyDrive/2nd Year Research Data/Preprocessed_Audio/forward/forward(70).wav,forward
/content/drive/MyDrive/2nd Year Research Data/Preprocessed_Audio/right/right(41).wav,right
/content/drive/MyDrive/2nd Year Research Data/Preprocessed_Audio/right/right(55).wav,right
/content/drive/MyDrive/2nd Year Research Data/Preprocessed_Audio/left/left(52).wav,left
/content/drive/MyDrive/2nd Year Research Data/Preprocessed_Audio/right/right(39).wav,right
/content/drive/MyDrive/2nd Year Research Data/Preprocessed_Audio/stop/stop(62).wav,stop
/content/drive/MyDrive/2nd Year Research Data/Preprocessed_Audio/forward/forward(55).wav,forward
/content/drive/MyDrive/2nd Year Research Data/Preprocessed_Audio/left/left(72).wav,left
/content/drive/MyDrive/2nd Year Research Data/Preprocessed_Audio/left/left(37).wav,left
/content/drive/MyDrive/2nd Year Research Data/Preprocessed_Audio/stop/stop(10).wav,stop
/content/drive/MyDrive/2nd Year Research Data/Preprocessed_Audio/stop/stop(23).wav,stop
/content/drive/MyDrive/2nd Year Research Data/Preprocessed_Audio/forward/forward(7).wav,forward
/content/drive/MyDrive/2nd Year Research Data/Preprocessed_Audio/left/left(57).wav,left
/content/drive/MyDrive/2nd Year Research Data/Preprocessed_Audio/forward/forward(4).wav,forward
/content/drive/MyDrive/2nd Year Research Data/Preprocessed_Audio/stop/stop(20).wav,stop
/content/drive/MyDrive/2nd Year Research Data/Preprocessed_Audio/stop/stop(32).wav,stop
/content/drive/MyDrive/2nd Year Research Data/Preprocessed_Audio/right/right(76).wav,right
/content/drive/MyDrive/2nd Year Research Data/Preprocessed_Audio/backward/backward(23).wav,backward
/content/drive/MyDrive/2nd Year Research Data/Preprocessed_Audio/right/right(68).wav,right
/content/drive/MyDrive/2nd Year Research Data/Preprocessed_Audio/backward/backward(66).wav,backward
/content/drive/MyDrive/2nd Year Research Data/Preprocessed_Audio/stop/stop(1).wav,stop
/content/drive/MyDrive/2nd Year Research Data/Preprocessed_Audio/left/left(61).wav,left
/content/drive/MyDrive/2nd Year Research Data/Preprocessed_Audio/forward/forward(6).wav,forward
/content/drive/MyDrive/2nd Year Research Data/Preprocessed_Audio/stop/stop(39).wav,stop
/content/drive/MyDrive/2nd Year Research Data/Preprocessed_Audio/stop/stop(9).wav,stop
/content/drive/MyDrive/2nd Year Research Data/Preprocessed_Audio/stop/stop(37).wav,stop
/content/drive/MyDrive/2nd Year Research Data/Preprocessed_Audio/right/right(61).wav,right
/content/drive/MyDrive/2nd Year Research Data/Preprocessed_Audio/forward/forward(41).wav,forward
/content/drive/MyDrive/2nd Year Research Data/Preprocessed_Audio/left/left(1).wav,left
/content/drive/MyDrive/2nd Year Research Data/Preprocessed_Audio/left/left(47).wav,left
/content/drive/MyDrive/2nd Year Research Data/Preprocessed_Audio/stop/stop(51).wav,stop
/content/drive/MyDrive/2nd Year Research Data/Preprocessed_Audio/stop/stop(29).wav,stop
/content/drive/MyDrive/2nd Year Research Data/Preprocessed_Audio/right/right(69).wav,right
/content/drive/MyDrive/2nd Year Research Data/Preprocessed_Audio/forward/forward(57).wav,forward
/content/drive/MyDrive/2nd Year Research Data/Preprocessed_Audio/backward/backward(7).wav,backward
/content/drive/MyDrive/2nd Year Research Data/Preprocessed_Audio/left/left(43).wav,left
/content/drive/MyDrive/2nd Year Research Data/Preprocessed_Audio/backward/backward(36).wav,backward
/content/drive/MyDrive/2nd Year Research Data/Preprocessed_Audio/forward/forward(9).wav,forward
/content/drive/MyDrive/2nd Year Research Data/Preprocessed_Audio/left/left(46).wav,left
/content/drive/MyDrive/2nd Year Research Data/Preprocessed_Audio/left/left(6).wav,left
/content/drive/MyDrive/2nd Year Research Data/Preprocessed_Audio/right/right(53).wav,right
/content/drive/MyDrive/2nd Year Research Data/Preprocessed_Audio/backward/backward(38).wav,backward
/content/drive/MyDrive/2nd Year Research Data/Preprocessed_Audio/backward/backward(26).wav,backward
/content/drive/MyDrive/2nd Year Research Data/Preprocessed_Audio/forward/forward(74).wav,forward
/content/drive/MyDrive/2nd Year Research Data/Preprocessed_Audio/forward/forward(61).wav,forward
/content/drive/MyDrive/2nd Year Research Data/Preprocessed_Audio/forward/forward(66).wav,forward
/content/drive/MyDrive/2nd Year Research Data/Preprocessed_Audio/backward/backward(10).wav,backward
/content/drive/MyDrive/2nd Year Research Data/Preprocessed_Audio/right/right(51).wav,right
/content/drive/MyDrive/2nd Year Research Data/Preprocessed_Audio/right/right(44).wav,right
/content/drive/MyDrive/2nd Year Research Data/Preprocessed_Audio/stop/stop(27).wav,stop
/content/drive/MyDrive/2nd Year Research Data/Preprocessed_Audio/right/right(38).wav,right
/content/drive/MyDrive/2nd Year Research Data/Preprocessed_Audio/left/left(66).wav,left
/content/drive/MyDrive/2nd Year Research Data/Preprocessed_Audio/forward/forward(49).wav,forward
/content/drive/MyDrive/2nd Year Research Data/Preprocessed_Audio/left/left(34).wav,left
/content/drive/MyDrive/2nd Year Research Data/Preprocessed_Audio/backward/backward(30).wav,backward
/content/drive/MyDrive/2nd Year Research Data/Preprocessed_Audio/forward/forward(54).wav,forward
/content/drive/MyDrive/2nd Year Research Data/Preprocessed_Audio/backward/backward(54).wav,backward
/content/drive/MyDrive/2nd Year Research Data/Preprocessed_Audio/right/right(12).wav,right
/content/drive/MyDrive/2nd Year Research Data/Preprocessed_Audio/backward/backward(42).wav,backward
/content/drive/MyDrive/2nd Year Research Data/Preprocessed_Audio/right/right(35).wav,right
/content/drive/MyDrive/2nd Year Research Data/Preprocessed_Audio/right/right(59).wav,right
/content/drive/MyDrive/2nd Year Research Data/Preprocessed_Audio/right/right(75).wav,right
/content/drive/MyDrive/2nd Year Research Data/Preprocessed_Audio/stop/stop(59).wav,stop
/content/drive/MyDrive/2nd Year Research Data/Preprocessed_Audio/left/left(48).wav,left
/content/drive/MyDrive/2nd Year Research Data/Preprocessed_Audio/right/right(32).wav,right
/content/drive/MyDrive/2nd Year Research Data/Preprocessed_Audio/right/right(45).wav,right
/content/drive/MyDrive/2nd Year Research Data/Preprocessed_Audio/right/right(65).wav,right
/content/drive/MyDrive/2nd Year Research Data/Preprocessed_Audio/backward/backward(67).wav,backward
/content/drive/MyDrive/2nd Year Research Data/Preprocessed_Audio/right/right(34).wav,right
/content/drive/MyDrive/2nd Year Research Data/Preprocessed_Audio/stop/stop(43).wav,stop
/content/drive/MyDrive/2nd Year Research Data/Preprocessed_Audio/backward/backward(46).wav,backward
/content/drive/MyDrive/2nd Year Research Data/Preprocessed_Audio/forward/forward(11).wav,forward
/content/drive/MyDrive/2nd Year Research Data/Preprocessed_Audio/backward/backward(1).wav,backward
/content/drive/MyDrive/2nd Year Research Data/Preprocessed_Audio/forward/forward(13).wav,forward
/content/drive/MyDrive/2nd Year Research Data/Preprocessed_Audio/right/right(60).wav,right
/content/drive/MyDrive/2nd Year Research Data/Preprocessed_Audio/right/right(43).wav,right
/content/drive/MyDrive/2nd Year Research Data/Preprocessed_Audio/stop/stop(36).wav,stop
/content/drive/MyDrive/2nd Year Research Data/Preprocessed_Audio/stop/stop(50).wav,stop
/content/drive/MyDrive/2nd Year Research Data/Preprocessed_Audio/stop/stop(18).wav,stop
/content/drive/MyDrive/2nd Year Research Data/Preprocessed_Audio/backward/backward(51).wav,backward
/content/drive/MyDrive/2nd Year Research Data/Preprocessed_Audio/stop/stop(19).wav,stop
/content/drive/MyDrive/2nd Year Research Data/Preprocessed_Audio/right/right(63).wav,right
/content/drive/MyDrive/2nd Year Research Data/Preprocessed_Audio/stop/stop(7).wav,stop
/content/drive/MyDrive/2nd Year Research Data/Preprocessed_Audio/left/left(26).wav,left
/content/drive/MyDrive/2nd Year Research Data/Preprocessed_Audio/forward/forward(42).wav,forward
/content/drive/MyDrive/2nd Year Research Data/Preprocessed_Audio/forward/forward(72).wav,forward
/content/drive/MyDrive/2nd Year Research Data/Preprocessed_Audio/backward/backward(27).wav,backward
/content/drive/MyDrive/2nd Year Research Data/Preprocessed_Audio/forward/forward(18).wav,forward
/content/drive/MyDrive/2nd Year Research Data/Preprocessed_Audio/right/right(5).wav,right
/content/drive/MyDrive/2nd Year Research Data/Preprocessed_Audio/right/right(16).wav,right
/content/drive/MyDrive/2nd Year Research Data/Preprocessed_Audio/right/right(64).wav,right
/content/drive/MyDrive/2nd Year Research Data/Preprocessed_Audio/backward/backward(45).wav,backward
/content/drive/MyDrive/2nd Year Research Data/Preprocessed_Audio/right/right(28).wav,right
/content/drive/MyDrive/2nd Year Research Data/Preprocessed_Audio/right/right(67).wav,right
/content/drive/MyDrive/2nd Year Research Data/Preprocessed_Audio/forward/forward(1).wav,forward
/content/drive/MyDrive/2nd Year Research Data/Preprocessed_Audio/backward/backward(76).wav,backward
/content/drive/MyDrive/2nd Year Research Data/Preprocessed_Audio/left/left(5).wav,left
/content/drive/MyDrive/2nd Year Research Data/Preprocessed_Audio/left/left(23).wav,left
/content/drive/MyDrive/2nd Year Research Data/Preprocessed_Audio/forward/forward(27).wav,forward
/content/drive/MyDrive/2nd Year Research Data/Preprocessed_Audio/backward/backward(70).wav,backward
/content/drive/MyDrive/2nd Year Research Data/Preprocessed_Audio/backward/backward(21).wav,backward
/content/drive/MyDrive/2nd Year Research Data/Preprocessed_Audio/left/left(22).wav,left
/content/drive/MyDrive/2nd Year Research Data/Preprocessed_Audio/stop/stop(24).wav,stop
/content/drive/MyDrive/2nd Year Research Data/Preprocessed_Audio/left/left(16).wav,left
/content/drive/MyDrive/2nd Year Research Data/Preprocessed_Audio/left/left(60).wav,left
/content/drive/MyDrive/2nd Year Research Data/Preprocessed_Audio/left/left(13).wav,left
/content/drive/MyDrive/2nd Year Research Data/Preprocessed_Audio/left/left(7).wav,left
/content/drive/MyDrive/2nd Year Research Data/Preprocessed_Audio/backward/backward(68).wav,backward
/content/drive/MyDrive/2nd Year Research Data/Preprocessed_Audio/forward/forward(35).wav,forward
/content/drive/MyDrive/2nd Year Research Data/Preprocessed_Audio/left/left(45).wav,left
/content/drive/MyDrive/2nd Year Research Data/Preprocessed_Audio/forward/forward(46).wav,forward
/content/drive/MyDrive/2nd Year Research Data/Preprocessed_Audio/right/right(33).wav,right
/content/drive/MyDrive/2nd Year Research Data/Preprocessed_Audio/stop/stop(74).wav,stop
/content/drive/MyDrive/2nd Year Research Data/Preprocessed_Audio/stop/stop(28).wav,stop
/content/drive/MyDrive/2nd Year Research Data/Preprocessed_Audio/backward/backward(39).wav,backward
/content/drive/MyDrive/2nd Year Research Data/Preprocessed_Audio/stop/stop(57).wav,stop
/content/drive/MyDrive/2nd Year Research Data/Preprocessed_Audio/left/left(18).wav,left
/content/drive/MyDrive/2nd Year Research Data/Preprocessed_Audio/left/left(58).wav,left
/content/drive/MyDrive/2nd Year Research Data/Preprocessed_Audio/left/left(74).wav,left
/content/drive/MyDrive/2nd Year Research Data/Preprocessed_Audio/left/left(28).wav,left
/content/drive/MyDrive/2nd Year Research Data/Preprocessed_Audio/forward/forward(71).wav,forward
/content/drive/MyDrive/2nd Year Research Data/Preprocessed_Audio/left/left(12).wav,left
/content/drive/MyDrive/2nd Year Research Data/Preprocessed_Audio/left/left(39).wav,left
/content/drive/MyDrive/2nd Year Research Data/Preprocessed_Audio/backward/backward(73).wav,backward
/content/drive/MyDrive/2nd Year Research Data/Preprocessed_Audio/left/left(53).wav,left
/content/drive/MyDrive/2nd Year Research Data/Preprocessed_Audio/backward/backward(3).wav,backward
/content/drive/MyDrive/2nd Year Research Data/Preprocessed_Audio/right/right(56).wav,right
/content/drive/MyDrive/2nd Year Research Data/Preprocessed_Audio/forward/forward(47).wav,forward
/content/drive/MyDrive/2nd Year Research Data/Preprocessed_Audio/forward/forward(24).wav,forward
/content/drive/MyDrive/2nd Year Research Data/Preprocessed_Audio/backward/backward(24).wav,backward
/content/drive/MyDrive/2nd Year Research Data/Preprocessed_Audio/forward/forward(14).wav,forward
/content/drive/MyDrive/2nd Year Research Data/Preprocessed_Audio/left/left(65).wav,left
/content/drive/MyDrive/2nd Year Research Data/Preprocessed_Audio/stop/stop(70).wav,stop
/content/drive/MyDrive/2nd Year Research Data/Preprocessed_Audio/left/left(3).wav,left
/content/drive/MyDrive/2nd Year Research Data/Preprocessed_Audio/backward/backward(52).wav,backward
/content/drive/MyDrive/2nd Year Research Data/Preprocessed_Audio/right/right(37).wav,right
/content/drive/MyDrive/2nd Year Research Data/Preprocessed_Audio/forward/forward(62).wav,forward
/content/drive/MyDrive/2nd Year Research Data/Preprocessed_Audio/backward/backward(40).wav,backward
/content/drive/MyDrive/2nd Year Research Data/Preprocessed_Audio/left/left(42).wav,left
/content/drive/MyDrive/2nd Year Research Data/Preprocessed_Audio/stop/stop(38).wav,stop
/content/drive/MyDrive/2nd Year Research Data/Preprocessed_Audio/forward/forward(31).wav,forward
/content/drive/MyDrive/2nd Year Research Data/Preprocessed_Audio/backward/backward(15).wav,backward
/content/drive/MyDrive/2nd Year Research Data/Preprocessed_Audio/backward/backward(34).wav,backward
/content/drive/MyDrive/2nd Year Research Data/Preprocessed_Audio/stop/stop(66).wav,stop
/content/drive/MyDrive/2nd Year Research Data/Preprocessed_Audio/forward/forward(10).wav,forward
/content/drive/MyDrive/2nd Year Research Data/Preprocessed_Audio/right/right(54).wav,right
/content/drive/MyDrive/2nd Year Research Data/Preprocessed_Audio/stop/stop(40).wav,stop
/content/drive/MyDrive/2nd Year Research Data/Preprocessed_Audio/forward/forward(53).wav,forward
/content/drive/MyDrive/2nd Year Research Data/Preprocessed_Audio/backward/backward(6).wav,backward
/content/drive/MyDrive/2nd Year Research Data/Preprocessed_Audio/forward/forward(8).wav,forward
/content/drive/MyDrive/2nd Year Research Data/Preprocessed_Audio/right/right(2).wav,right
/content/drive/MyDrive/2nd Year Research Data/Preprocessed_Audio/right/right(14).wav,right
/content/drive/MyDrive/2nd Year Research Data/Preprocessed_Audio/backward/backward(65).wav,backward
/content/drive/MyDrive/2nd Year Research Data/Preprocessed_Audio/forward/forward(76).wav,forward
/content/drive/MyDrive/2nd Year Research Data/Preprocessed_Audio/forward/forward(5).wav,forward
/content/drive/MyDrive/2nd Year Research Data/Preprocessed_Audio/left/left(4).wav,left
/content/drive/MyDrive/2nd Year Research Data/Preprocessed_Audio/left/left(9).wav,left
/content/drive/MyDrive/2nd Year Research Data/Preprocessed_Audio/right/right(1).wav,right
/content/drive/MyDrive/2nd Year Research Data/Preprocessed_Audio/forward/forward(25).wav,forward
/content/drive/MyDrive/2nd Year Research Data/Preprocessed_Audio/right/right(62).wav,right
/content/drive/MyDrive/2nd Year Research Data/Preprocessed_Audio/left/left(31).wav,left
/content/drive/MyDrive/2nd Year Research Data/Preprocessed_Audio/backward/backward(2).wav,backward
/content/drive/MyDrive/2nd Year Research Data/Preprocessed_Audio/stop/stop(2).wav,stop
/content/drive/MyDrive/2nd Year Research Data/Preprocessed_Audio/forward/forward(69).wav,forward
